col1,col2,col3,col4,col5
0.6757373783994859,0.0,-0.992510907813407,2.0,1.0
-1.148753543279126,1.0,-0.0148135956390061,1.0,0.0
0.4730161648796401,1.0,1.007324503452413,0.0,0.0
